<?xml version="1.0" encoding="UTF-8"?>
<project-private xmlns="http://www.netbeans.org/ns/project-private/1">
    <editor-bookmarks xmlns="http://www.netbeans.org/ns/editor-bookmarks/2" lastBookmarkId="0"/>
    <open-files xmlns="http://www.netbeans.org/ns/projectui-open-files/2">
        <group>
            <file>file:/C:/Users/msi410/OneDrive%20-%20National%20College%20of%20Ireland/Documents/GitHub/EcoTrack_OOP_CA1/EcoTrack/src/EcoTrack/profileGUI.java</file>
            <file>file:/C:/Users/msi410/OneDrive%20-%20National%20College%20of%20Ireland/Documents/GitHub/EcoTrack_OOP_CA1/EcoTrack/src/EcoTrack/AuthManager.java</file>
            <file>file:/C:/Users/msi410/OneDrive%20-%20National%20College%20of%20Ireland/Documents/GitHub/EcoTrack_OOP_CA1/EcoTrack/src/EcoTrack/MainMenuGUI.java</file>
            <file>file:/C:/Users/msi410/OneDrive%20-%20National%20College%20of%20Ireland/Documents/GitHub/EcoTrack_OOP_CA1/EcoTrack/src/EcoTrack/EcoTrackApp.java</file>
            <file>file:/C:/Users/msi410/OneDrive%20-%20National%20College%20of%20Ireland/Documents/GitHub/EcoTrack_OOP_CA1/EcoTrack/src/EcoTrack/ProfileManager.java</file>
            <file>file:/C:/Users/msi410/OneDrive%20-%20National%20College%20of%20Ireland/Documents/GitHub/EcoTrack_OOP_CA1/EcoTrack/src/EcoTrack/Consuption_tracking.java</file>
            <file>file:/C:/Users/msi410/OneDrive%20-%20National%20College%20of%20Ireland/Documents/GitHub/EcoTrack_OOP_CA1/EcoTrack/src/EcoTrack/progress.java</file>
            <file>file:/C:/Users/msi410/OneDrive%20-%20National%20College%20of%20Ireland/Documents/GitHub/EcoTrack_OOP_CA1/EcoTrack/src/EcoTrack/challenge.java</file>
            <file>file:/C:/Users/msi410/OneDrive%20-%20National%20College%20of%20Ireland/Documents/GitHub/EcoTrack_OOP_CA1/EcoTrack/src/EcoTrack/UserProfile.java</file>
            <file>file:/C:/Users/msi410/OneDrive%20-%20National%20College%20of%20Ireland/Documents/GitHub/EcoTrack_OOP_CA1/EcoTrack/src/EcoTrack/ViewproductsGUI.java</file>
            <file>file:/C:/Users/msi410/OneDrive%20-%20National%20College%20of%20Ireland/Documents/GitHub/EcoTrack_OOP_CA1/EcoTrack/src/EcoTrack/User.java</file>
            <file>file:/C:/Users/msi410/OneDrive%20-%20National%20College%20of%20Ireland/Documents/GitHub/EcoTrack_OOP_CA1/EcoTrack/src/EcoTrack/tipsGUI.java</file>
            <file>file:/C:/Users/msi410/OneDrive%20-%20National%20College%20of%20Ireland/Documents/GitHub/EcoTrack_OOP_CA1/EcoTrack/src/EcoTrack/loginGUI.java</file>
            <file>file:/C:/Users/msi410/OneDrive%20-%20National%20College%20of%20Ireland/Documents/GitHub/EcoTrack_OOP_CA1/EcoTrack/src/EcoTrack/UserSession.java</file>
        </group>
    </open-files>
</project-private>
